,index,google buzzword score
0,0,9.736043532801428
1,1,6.71510803946765
2,2,7.921180571663384
3,3,7.465450874383317
4,4,8.16745874140564
5,5,7.974118869832279
6,6,4.870323431538491
7,7,5.4722088650674685
8,8,6.342238287147596
9,9,7.53450082851666
10,10,8.325122803343442
11,11,6.181121727503127
12,12,7.092581122063262
13,13,5.536655488925255
14,14,7.314691807858851
15,15,8.307860314810107
16,16,3.9277915576183537
17,17,6.002742679325324
18,18,9.08467229881022
19,19,4.94627838108517
20,20,6.19032838805424
21,21,6.728918030294321
22,22,5.346768115058562
23,23,7.674902401921123
24,24,9.06050481486355
25,25,4.604481108125119
26,26,7.930387232214496
27,27,7.887806427165599
28,28,4.98195419072073
29,29,5.311092305423003
30,30,5.601102112783043
31,31,6.608080610560969
32,32,9.313687980019143
33,33,6.831342128925446
34,34,5.353673110471895
35,35,8.824584138241292
36,36,8.200832885903424
37,37,9.124951438721338
38,38,7.109843610596598
39,39,3.844931612658341
40,40,7.292825989049958
41,41,7.845225622116707
42,42,6.285847491272034
43,43,4.954334209067394
44,44,6.953330381227686
45,45,5.467605534791913
46,46,7.169686904178829
47,47,5.624118764160825
48,48,10.42769390670375
49,49,6.938369557832129
50,50,7.978722200107836
51,51,5.518242167823031
52,52,7.763516509725582
53,53,3.734451686044992
54,54,9.893707594739231
55,55,7.017777005085474
56,56,7.2801668307921785
57,57,7.943046390472275
58,58,8.210039546454537
59,59,4.9669933673251725
60,60,4.41919706453398
61,61,5.29958397973411
62,62,9.168683076339121
63,63,8.557590982259034
64,64,6.091356787129783
65,65,6.502204014223175
66,66,6.265132505032028
67,67,6.932615394987683
68,68,10.087047466312589
69,69,7.160480243627716
70,70,6.4066849110053825
71,71,9.333252133690259
72,72,6.2133450394320215
73,73,5.833570291698633
74,74,10.03871249841925
75,75,8.457468548765686
76,76,10.067483312641475
77,77,5.547012982045257
78,78,4.23736551864951
79,79,6.039569321529775
80,80,7.8130023101878106
81,81,6.351444947698709
82,82,9.211263881388016
83,83,7.610455778063337
84,84,8.114520443236746
85,85,6.079848461440892
86,86,14.979236716659972
87,87,9.12034810844578
88,88,7.04424615416992
89,89,9.07316397312133
90,90,7.913124743681159
91,91,7.297429319325515
92,92,5.160333238898533
93,93,6.2501716816364725
94,94,7.396400920249973
95,95,6.6713764018498685
96,96,8.424094404267903
97,97,9.793585161245879
98,98,5.1430707503652
99,99,7.4988250188810985
100,100,9.405754585530266
101,101,9.60024528967252
102,102,7.597796619805559
103,103,9.824657640605885
104,104,6.161557573832014
105,105,6.7945154867209965
106,106,8.842997459343518
107,107,8.358496947841227
108,108,8.28944699370788
109,109,7.422870069334421
110,110,6.07064180088978
111,111,6.093658452267559
112,112,8.630093434099042
113,113,9.772870175005878
114,114,8.587512629050146
115,115,7.63347242944112
116,116,9.708423551148092
117,117,10.333325636054848
118,118,8.59787012217015
119,119,9.631317769032524
120,120,10.174510741548156
121,121,8.419491073992345
122,122,8.740573360712393
123,123,6.796817151858774
124,124,7.000514516552137
125,125,6.136239257316455
126,126,7.616209940907782
127,127,8.414887743716788
128,128,7.897013087716713
129,129,7.3584234454766335
130,130,8.138687927183415
131,131,7.613908275770004
132,132,10.633692936534892
133,133,6.011949339876437
134,134,6.198384216036466
135,135,10.49904552597487
136,136,8.311312812516775
137,137,8.042017991396733
138,138,9.173286406614679
139,139,6.031513493547551
140,140,9.455240385992496
141,141,5.838173621974188
142,142,8.4344518973879
143,143,5.790989486649738
144,144,9.539251163521396
145,145,13.907811595024258
146,146,7.0891286243565945
147,147,7.879750599183376
148,148,7.877448934045599
149,149,7.783080663396697
150,150,5.602252945351933
151,151,6.799118816996553
152,152,5.6770570623297205
153,153,8.236508695538985
154,154,6.235210858240914
155,155,8.680730067130161
156,156,8.91549991118353
157,157,8.813075812552404
158,158,8.14559292259675
159,159,7.496523353743321
160,160,6.924559567005459
161,161,8.16860957397453
162,162,6.1040159453875615
163,163,7.09488278720104
164,164,10.020299177317023
165,165,7.295127654187737
166,166,9.970813376854794
167,167,6.87622459911212
168,168,7.758913179450026
169,169,6.610382275698747
170,170,7.016626172516585
171,171,8.187022895076757
172,172,8.187022895076755
173,173,6.809476310116555
174,174,7.152424415645495
175,175,8.571400973085701
176,176,8.42524523683679
177,177,8.205436216178981
178,178,6.770348002774325
179,179,8.520764340054583
180,180,6.675979732125423
181,181,8.359647780410112
182,182,8.185872062507867
183,183,4.642458582898458
184,184,7.72784070009002
185,185,7.068413638116592
186,186,7.669148239076679
187,187,6.877375431681008
188,188,8.458619381334572
189,189,4.476738692978433
190,190,5.0371941540274054
191,191,6.444662385778724
192,192,7.910823078543383
193,193,5.543560484338591
194,194,8.16745874140564
195,195,7.532199163378882
196,196,4.960088371911838
197,197,7.188100225281054
198,198,9.043242326330214
199,199,6.878526264249897
200,200,5.950955213725316
201,201,7.513785842276657
202,202,7.02353116792992
203,203,10.603771289743777
204,204,5.233986523307434
205,205,4.830044291627375
206,206,5.817458635734186
207,207,9.150269755236899
208,208,4.477889525547324
209,209,6.750783849103212
210,210,6.068340135752001
211,211,4.138393917725051
212,212,7.514936674845546
213,213,3.9369982181694665
214,214,5.17644489486298
215,215,7.211116876658834
216,216,3.298286142436039
217,217,6.33878578944093
218,218,8.380362766650116
219,219,4.708056039325135
220,220,4.601028610418451
221,221,3.246498676836031
222,222,5.094735782471857
223,223,7.550612484481108
224,224,8.882125766685746
225,225,5.4583988742408
226,226,8.883276599254636
227,227,7.043095321601033
228,228,6.397478250454271
229,229,6.611533108267636
230,230,8.104162950116741
231,231,5.024534995769626
232,232,7.780778998258919
233,233,6.469980702294282
234,234,6.28814915640981
235,235,3.603256773191639
236,236,6.342238287147596
237,237,7.410210911076642
238,238,7.587439126685557
239,239,5.071719131094077
240,240,9.235431365334687
241,241,8.306709482241219
242,242,7.796890654223366
243,243,6.709353876623205
244,244,8.749780021263504
245,245,3.910529069085017
246,246,8.292899491414547
247,247,8.725612537316835
248,248,8.855656617601298
249,249,7.608154112925559
250,250,7.64498075513001
251,251,8.742875025850172
252,252,9.25729718414358
253,253,5.427326394880795
254,254,5.518242167823031
255,255,6.8198338032365555
256,256,12.112512787557328
257,257,3.779334156231665
258,258,10.41503474844597
259,259,11.21946671409942
260,260,5.666699569209721
261,261,8.051224651947846
262,262,8.124877936356746
263,263,8.917801576321306
264,264,5.3628797710230085
265,265,7.9959846886411725
266,266,5.673604564623053
267,267,3.8161607984361154
268,268,6.303109979805369
269,269,6.525220665600957
270,270,7.125955266561045
271,271,7.226077700054392
272,272,3.932394887893909
273,273,6.235210858240914
274,274,4.354750440676193
275,275,6.888883757369899
276,276,5.591895452231932
277,277,7.6000982849433365
278,278,10.982395204908274
279,279,8.31706697536122
280,280,8.130632099201193
281,281,5.856586943076414
282,282,4.779407658596256
283,283,4.581464456747339
284,284,6.525220665600957
285,285,7.672600736783346
286,286,8.704897551076833
287,287,7.960308879005611
288,288,4.3720129292095296
289,289,3.561826800711633
290,290,6.484941525689841
291,291,8.349290287290113
292,292,4.853060943005155
293,293,6.191479220623131
294,294,5.976273530240876
295,295,6.6483597504720855
296,296,7.86478977578782
297,297,7.567874973014444
298,298,5.838173621974189
299,299,8.725612537316836
300,300,6.046474316943108
301,301,7.8440747895478165
302,302,4.522771995733995
303,303,6.6817338949698675
304,304,4.922110897138499
305,305,6.06949096832089
306,306,5.271963998080773
307,307,3.0658179635204488
308,308,8.033962163414511
309,309,5.330656459094116
310,310,12.304701826561804
311,311,8.164006243698976
312,312,10.626787941121558
313,313,4.716111867307356
314,314,6.261680007325362
315,315,4.331733789298413
316,316,7.207664378952167
317,317,5.2362881884452115
318,318,6.732370528000988
319,319,9.53579866581473
320,320,8.178967067094533
321,321,7.747404853761135
322,322,7.5805341312722225
323,323,5.212120704498542
324,324,5.183349890276316
325,325,3.5088885025427365
326,326,5.704677043983059
327,327,6.46077404174317
328,328,6.13048509447201
329,329,7.929236399645606
330,330,5.246645681565213
331,331,6.994760353707693
332,332,5.253550676978548
333,333,4.434157887929539
334,334,9.822355975468108
335,335,6.861263775716561
336,336,4.920960064569609
337,337,5.459549706809688
338,338,5.3156956356985585
339,339,11.344907464108328
340,340,10.832786970952698
341,341,5.178746560000759
342,342,7.455093381263316
343,343,9.137610596979117
344,344,7.045396986738811
345,345,4.95893753934295
346,346,5.999290181618656
347,347,5.136165754951864
348,348,0.0
349,349,5.917581069227533
350,350,4.449118711325097
351,351,7.809549812481147
352,352,6.756538011947656
353,353,8.907444083201304
354,354,3.7563175048538837
355,355,6.4320032275209424
356,356,8.571400973085701
357,357,3.6067092708983064
358,358,6.201836713743131
359,359,3.653893406222758
360,360,7.7485556863300245
361,361,7.429775064747756
362,362,8.043168823965622
363,363,3.505436004836069
364,364,5.736900355911953
365,365,6.345690784854264
366,366,3.6078601034671953
367,367,5.125808261831863
368,368,6.068340135752001
369,369,6.38712075733427
370,370,4.863418436125158
371,371,7.696768220730017
372,372,6.96138620920991
373,373,5.4802646930496905
374,374,8.394172757476786
375,375,6.067189303183111
376,376,5.698922881138613
377,377,4.72646936042736
378,378,4.601028610418451
379,379,7.112145275734377
380,380,5.734598690774173
381,381,5.773726998116402
382,382,8.10761544782341
383,383,3.850685775502786
384,384,8.236508695538985
385,385,7.581684963841112
386,386,8.437904395094572
387,387,5.077473293938522
388,388,7.29052432391218
389,389,4.484794520960657
390,390,6.681733894969868
391,391,6.044172651805329
392,392,5.314544803129668
393,393,10.243560695681499
394,394,5.693168718294168
395,395,9.715328546561423
396,396,9.066258977707994
397,397,6.357199110543156
398,398,8.319368640498997
399,399,7.048849484445477
400,400,6.466528204587614
401,401,6.55744397752985
402,402,6.693242220658759
403,403,5.504432176996362
404,404,5.94750271601865
405,405,5.225930695325211
406,406,5.224779862756322
407,407,3.6780608901694283
408,408,8.227302034987874
409,409,4.531978656285109
410,410,8.16055374599231
411,411,6.094809284836449
412,412,8.890181594667968
413,413,8.074241303325628
414,414,4.497453679218437
415,415,8.435602729956793
416,416,4.503207842062883
417,417,7.505730014294433
418,418,6.67943222983209
419,419,3.063516298382671
420,420,9.310235482312475
421,421,5.831268626560854
422,422,4.565352800782891
423,423,4.788614319147368
424,424,5.786386156374181
425,425,4.2822479888361835
426,426,4.810480137956261
427,427,5.902620245831977
428,428,5.28807565404522
429,429,5.441136385707464
430,430,5.192556550827427
431,431,5.857737775645304
432,432,6.894637920214344
433,433,6.184574225209794
434,434,5.141919917796309
435,435,3.864495766329455
436,436,5.437683888000797
437,437,9.462145381405833
438,438,7.719784872107799
439,439,9.521988674988064
440,440,4.35935377095175
441,441,6.54593565184096
442,442,7.856733947805596
443,443,4.203991374151728
444,444,8.336631129032332
445,445,7.196156053263277
446,446,8.228452867556763
447,447,7.092581122063262
448,448,8.15710124828564
449,449,6.402081580729828
450,450,7.122502768854376
451,451,8.918952408890194
452,452,3.9979923443205854
453,453,6.204138378880908
454,454,13.412953590401967
455,455,8.46437354417902
456,456,9.520837842419175
457,457,4.5319786562851085
458,458,7.086826959218817
459,459,7.353820115201078
460,460,11.49221403292613
461,461,8.15479958314786
462,462,8.699143388232386
463,463,8.193927890490091
464,464,9.652032755272526
465,465,6.385969924765381
466,466,7.6334724294411185
467,467,8.153648750578974
468,468,7.212267709227723
469,469,6.878526264249898
470,470,12.33577430592181
471,471,3.8783057571561237
472,472,5.52054383296081
473,473,6.496449851378731
474,474,9.258448016712467
475,475,4.171768062222833
476,476,5.603403777920822
477,477,5.362879771023008
478,478,4.700000211342911
479,479,4.6608719040006825
480,480,5.92218439950309
481,481,5.350220612765229
482,482,8.112218778098967
483,483,9.14796809009912
484,484,9.713026881423646
485,485,9.639373597014746
486,486,8.226151202418983
487,487,6.756538011947656
488,488,8.318217807930107
489,489,3.6274242571383093
490,490,7.43668006016109
491,491,6.974045367467689
492,492,6.936067892694351
493,493,7.221474369778836
494,494,5.880754427023085
495,495,4.008349837440587
496,496,5.583839624249709
497,497,5.311092305423001
498,498,5.094735782471858
499,499,6.43545572522761
500,500,6.931464562418795
501,501,5.805950310045296
502,502,9.327497970845812
503,503,6.357199110543154
504,504,9.825808473174773
505,505,4.670078564551796
506,506,6.925710399574348
507,507,6.3479924499920415
508,508,5.877301929316418
509,509,5.052154977422963
510,510,7.85213061753004
511,511,5.19025488568965
512,512,6.243266686223137
513,513,5.9774243628097645
514,514,7.336557626667743
515,515,7.932688897352274
516,516,4.056684805333927
517,517,6.722013034880986
518,518,7.794588989085587
519,519,7.171988569316607
520,520,4.587218619591783
521,521,4.409990403982868
522,522,8.401077752890119
523,523,6.240965021085359
524,524,6.627644764232084
525,525,7.9511022184545
526,526,6.55974564266763
527,527,4.286851319111739
528,528,8.502351018952357
529,529,5.984329358223102
530,530,8.182419564801199
531,531,7.197306885832168
532,532,4.082003121849487
533,533,9.001812353850209
534,534,7.497674186312211
535,535,4.660871904000683
536,536,7.879750599183377
537,537,4.225857192960619
538,538,6.159255908694236
539,539,7.593193289530002
540,540,7.808398979912256
541,541,10.081293303468144
542,542,6.0729434660275565
543,543,4.653966908587349
544,544,7.162781908765496
545,545,5.784084491236405
546,546,4.758692672356252
547,547,6.605778945423191
548,548,6.346841617423154
549,549,6.048775982080886
550,550,6.823286300943222
551,551,11.525588177423911
552,552,3.901322408533905
553,553,9.539251163521396
554,554,9.115744778170226
555,555,9.509329516730283
556,556,7.070715303254371
557,557,4.392727915449534
558,558,4.297208812231741
559,559,6.328428296320928
560,560,6.944123720676574
561,561,7.404456748232197
562,562,4.18903055075617
563,563,5.406611408640792
564,564,5.405460576071904
565,565,6.879677096818786
566,566,7.0189278376543625
567,567,6.285847491272032
568,568,7.212267709227724
569,569,8.043168823965622
570,570,5.7898386540808495
571,571,8.001738851485618
572,572,3.035896316729334
573,573,8.886729096961304
574,574,4.334035454436191
575,575,6.820984635805443
576,576,7.86363894321893
577,577,8.443658557939015
578,578,6.156954243556458
579,579,5.76452033756529
580,580,7.493070856036655
581,581,4.873775929245159
582,582,6.0982617825431165
583,583,6.862414608285451
584,584,7.207664378952169
585,585,5.731146193067508
586,586,9.605999452516963
587,587,6.432003227520943
588,588,4.760994337494032
589,589,6.250171681636473
590,590,5.6517387458141615
591,591,6.267434170169808
592,592,9.192850560285791
593,593,7.781929830827808
594,594,6.613834773405413
595,595,8.769344174934618
596,596,8.784304998330175
597,597,7.808398979912256
598,598,5.742654518756398
599,599,8.796964156587954
600,600,5.559672140303036
601,601,6.771498835343216
602,602,4.708056039325134
603,603,3.2488003419738094
604,604,4.940524218240726
605,605,8.613981778134598
606,606,9.281464668090251
607,607,6.959084544072131
608,608,7.58283579641
609,609,3.7402058488894374
610,610,7.44818838584998
611,611,5.570029633423039
612,612,8.823433305672404
613,613,5.723090365085284
614,614,6.36180244081871
615,615,6.342238287147597
616,616,5.797894482063074
617,617,6.265132505032029
618,618,6.191479220623129
619,619,4.650514410880681
620,620,6.93606789269435
621,621,6.832492961494334
622,622,7.359574278045523
623,623,8.651959252907936
624,624,8.646205090063491
625,625,8.954628218525755
626,626,9.084672298810219
627,627,9.739496030508093
628,628,5.710431206827504
629,629,8.37806110151234
630,630,7.941895557903387
631,631,6.114373438507562
632,632,8.290597826276771
633,633,10.347135626881517
634,634,7.680656564765571
635,635,7.026983665636586
636,636,5.657492908658608
637,637,5.967066869689765
638,638,10.244711528250392
639,639,7.949951385885608
640,640,9.515083679574726
641,641,8.174363736818975
642,642,10.241259030543723
643,643,5.145372415502977
644,644,7.989079693227838
645,645,9.086973963947997
646,646,8.53687599601903
647,647,7.491920023467766
648,648,6.911900408747679
649,649,3.9208865622050197
650,650,9.373531273601373
651,651,9.698066058028086
652,652,5.013026670080735
653,653,5.309941472854112
654,654,7.052301982152145
655,655,10.082444136037031
656,656,7.170837736747719
657,657,6.067189303183111
658,658,9.652032755272527
659,659,6.672527234418757
660,660,10.090499964019257
661,661,4.8772284269518265
662,662,8.860259947876855
663,663,5.82436363114752
664,664,8.025906335432287
665,665,6.670225569280977
666,666,8.861410780445745
667,667,7.948800553316721
668,668,7.846376454685595
669,669,6.449265716054279
670,670,7.6116066106322275
671,671,6.2386633559475815
672,672,7.08107279637437
673,673,8.127179601494523
674,674,5.61721376874749
675,675,7.104089447752151
676,676,7.847527287254484
677,677,9.20666055111246
678,678,9.662390248392528
679,679,6.77725299818766
680,680,6.321523300907594
681,681,8.640450927219042
682,682,6.848604617458782
683,683,6.032664326116439
684,684,9.700367723165867
685,685,7.289373491343292
686,686,10.433448069548197
687,687,0.5627571261867491
688,688,6.785308826169882
689,689,6.845152119752113
690,690,9.849975957121442
691,691,6.299657482098701
692,692,8.404530250596787
693,693,8.284843663432326
694,694,6.77840383075655
695,695,9.298727156623585
696,696,5.091283284765191
697,697,7.2663568399655105
698,698,4.193633881031726
699,699,6.783007161032105
700,700,6.108619275663117
701,701,3.291381147022704
702,702,6.10516677795645
703,703,9.534647833245842
704,704,9.542703661228064
705,705,5.601102112783043
706,706,7.968364706987835
707,707,8.159402913423419
708,708,6.358349943112045
709,709,7.6392265922855636
710,710,7.471205037227762
711,711,8.602473452445704
712,712,4.129187257173939
713,713,7.54600915420555
714,714,7.456244213832204
715,715,8.183570397370088
716,716,6.5735556334942995
717,717,8.211190379023426
718,718,13.646572601886445
719,719,6.831342128925447
720,720,7.2099660440899465
721,721,4.905999241174053
722,722,1.2152791927468447
723,723,5.815156970596408
724,724,6.532125661014291
725,725,5.869246101334194
726,726,9.81660181262366
727,727,6.516014005049843
728,728,9.089275629085776
729,729,4.9359208879651675
730,730,8.379211934081226
731,731,7.07071530325437
732,732,7.075318633529926
733,733,7.086826959218816
734,734,7.184647727574387
735,735,6.171915066952016
736,736,5.453795543965242
737,737,11.103232624641626
738,738,6.722013034880986
739,739,7.23068103032995
740,740,7.166234406472163
741,741,7.212267709227723
742,742,6.54363398670318
743,743,5.9843293582231
744,744,8.731366700161281
745,745,7.372233436303304
746,746,5.690867053156391
747,747,5.315695635698557
748,748,7.312390142721073
749,749,5.670152066916386
750,750,6.1546525784186805
751,751,7.737047360641134
752,752,0.0
753,753,7.590891624392224
754,754,6.316919970632037
755,755,6.222551699983135
756,756,5.20176321137854
757,757,5.467605534791915
758,758,6.84860461745878
759,759,6.931464562418794
760,760,7.391797589974416
761,761,9.388492096996933
762,762,4.618291098951788
763,763,7.776175667983363
764,764,9.249241356161356
765,765,6.861263775716561
766,766,6.852057115165448
767,767,7.85097978496115
768,768,7.0695644706854806
769,769,9.238883863041353
770,770,8.455166883627907
771,771,6.028060995840884
772,772,6.464226539449837
773,773,9.730289369956981
774,774,3.7735799933872194
775,775,4.703452709049579
776,776,5.416968901760795
777,777,7.335406794098852
778,778,7.887806427165601
779,779,4.241968848925065
780,780,7.106391112889931
781,781,7.424020901903311
782,782,3.253403672249366
783,783,3.8955682456894594
784,784,5.471058032498579
785,785,6.39862908302316
786,786,7.298580151894404
787,787,6.461924874312058
788,788,6.178820062365351
789,789,8.169760406543421
790,790,6.990157023432137
791,791,7.298580151894403
792,792,8.559892647396808
793,793,6.062585972907555
794,794,8.600171787307927
795,795,4.315622133333966
796,796,8.498898521245689
797,797,5.2788689934941075
798,798,4.37086209664064
799,799,7.12135193628549
800,800,11.053746824179397
801,801,5.354823943040784
802,802,8.849902454756851
803,803,6.548237316978738
804,804,5.484868023325248
805,805,7.076469466098817
806,806,7.394099255112194
807,807,7.705974881281129
808,808,5.7334478582052855
809,809,5.181048225138538
810,810,7.113296108303266
811,811,7.708276546418908
812,812,7.709427378987797
813,813,7.791136491378919
814,814,5.14191991779631
815,815,7.5494616519122175
816,816,5.8876594224364185
817,817,6.837096291769892
818,818,4.00374650716503
819,819,6.0200051678586615
820,820,6.107468443094227
821,821,7.562120810169997
822,822,6.930313729849905
823,823,6.847453784889892
824,824,7.291675156481069
825,825,7.094882787201041
826,826,8.782003333192398
827,827,4.903697576036275
828,828,7.119050271147711
829,829,7.831415631290037
830,830,6.555142312392071
831,831,7.207664378952168
832,832,5.5654263031474835
833,833,6.84975545002767
834,834,9.114593945601337
835,835,6.124730931627565
836,836,5.108545773298527
837,837,9.272258007539136
838,838,8.98454986531687
839,839,8.375759436374562
840,840,6.202987546312022
841,841,5.505583009565251
842,842,8.985700697885761
843,843,6.700147216072093
844,844,8.238810360676764
845,845,6.932615394987684
846,846,9.540401996090287
847,847,8.31476531022344
848,848,7.03503949361881
849,849,6.664471406436534
850,850,8.103012117547856
851,851,9.139912262116894
852,852,5.571180465991928
853,853,7.245641853725506
854,854,7.052301982152144
855,855,4.714961034738469
856,856,5.944050218311982
857,857,8.045470489103401
858,858,9.37928543644582
859,859,7.1938543881255
860,860,3.7344516860449914
861,861,9.107688950188
862,862,6.0786976288720025
863,863,7.371082603734415
864,864,11.087120968677178
865,865,7.131709429405491
866,866,7.775024835414475
867,867,5.1580315737607565
868,868,4.222404695253952
869,869,6.70475054634765
870,870,6.074094298596447
871,871,4.8599659384184895
872,872,6.904995413334346
873,873,6.747331351396545
874,874,4.79782097969848
875,875,8.355044450134558
876,876,7.021229502792141
877,877,5.425024729743018
878,878,9.043242326330216
879,879,11.4427282324639
880,880,6.226004197689802
881,881,10.617581280570446
882,882,6.892336255076567
883,883,5.2984331471652215
884,884,9.238883863041355
885,885,6.730068862863208
886,886,3.087683782329341
887,887,8.457468548765682
888,888,2.772355658453739
889,889,8.849902454756853
890,890,10.339079798899293
891,891,6.4492657160542795
892,892,5.636777922418605
893,893,6.466528204587614
894,894,8.739422528143503
895,895,7.211116876658836
896,896,8.188173727645644
897,897,7.564422475307775
898,898,7.720935704676687
899,899,11.477253209530572
900,900,9.580681136001404
901,901,4.969295032462951
902,902,6.87622459911212
903,903,3.8357249521072285
904,904,7.816454807894478
905,905,11.509476521459463
906,906,7.550612484481107
907,907,10.827032808108255
908,908,3.5825417869516363
909,909,8.478183535005687
910,910,5.246645681565213
911,911,6.498751516516509
912,912,8.352742784996781
913,913,6.559745642667628
914,914,7.148971917938827
915,915,8.142140424890082
916,916,5.901469413263087
917,917,8.215793709298982
918,918,8.129481266632304
919,919,7.116748606009932
920,920,5.532052158649701
921,921,7.686410727610016
922,922,8.97764486990354
923,923,6.773800500480993
924,924,7.373384268872192
925,925,5.304187310009667
926,926,7.574779968427778
927,927,7.196156053263278
928,928,7.138614424818824
929,929,2.8931930781870907
930,930,9.394246259841378
931,931,6.8532079477343375
932,932,10.9904510328905
933,933,5.950955213725317
934,934,4.798971812267371
935,935,6.781856328463216
936,936,6.382517427058715
937,937,8.407982748303453
938,938,9.779775170419212
939,939,8.215793709298982
940,940,8.277938668018994
941,941,8.970739874490203
942,942,5.49637634901414
943,943,6.3341824591653735
944,944,8.630093434099042
945,945,10.737267867734905
946,946,7.342311789512187
947,947,5.2224781976185435
948,948,8.581758466205702
949,949,6.400930748160939
950,950,8.685333397405719
951,951,9.981170869974797
952,952,7.030436163343253
953,953,10.976641042063829
954,954,8.454016051059018
955,955,6.815230472960997
956,956,6.742728021120989
957,957,9.489765363059169
958,958,7.186949392712164
959,959,6.39977991559205
960,960,7.508031679432212
961,961,8.089202126721185
962,962,12.103306127006219
963,963,7.171988569316608
964,964,4.153354741120609
965,965,9.226224704783574
966,966,7.02122950279214
967,967,7.478110032641098
968,968,5.656342076089718
969,969,7.002816181689915
970,970,7.39064675740553
971,971,7.521841670258881
972,972,8.687635062543498
973,973,5.160333238898535
974,974,8.200832885903425
975,975,7.6116066106322275
976,976,6.844001287183225
977,977,6.8957887527832336
978,978,6.979799530312134
979,979,9.114593945601337
980,980,11.448482395308345
981,981,8.283692830863435
982,982,7.544858321636661
983,983,7.6783548996277915
984,984,8.154799583147863
985,985,7.944197223041165
986,986,8.386116929494563
987,987,9.174437239183568
988,988,8.660015080890156
989,989,8.367703608392338
990,990,6.33763495687204
991,991,9.41611207865027
992,992,7.540254991361105
993,993,10.594564629192663
994,994,7.26520600739662
995,995,10.266577347059284
996,996,7.880901431752267
997,997,5.857737775645303
998,998,6.617287271112082
999,999,5.381293092125234
1000,1000,7.084525294081038
1001,1001,7.800343151930032
1002,1002,9.12495143872134
1003,1003,6.804872979840998
1004,1004,8.538026828587919
1005,1005,7.02238033536103
1006,1006,8.647355922632379
1007,1007,7.620813271183341
1008,1008,8.68303173226794
1009,1009,5.894564417849752
1010,1010,8.358496947841225
1011,1011,10.783301170490468
1012,1012,6.541332321565403
1013,1013,8.075392135894518
1014,1014,6.251322514205361
1015,1015,6.35029411512982
1016,1016,9.337855463965813
1017,1017,10.866161115450481
1018,1018,6.545935651840959
1019,1019,6.25247334677425
1020,1020,7.2606026771210646
1021,1021,5.866944436196415
1022,1022,7.8555831152367075
1023,1023,8.375759436374564
1024,1024,6.310014975218703
1025,1025,7.908521413405605
1026,1026,7.29052432391218
1027,1027,9.304481319468032
1028,1028,6.787610491307662
1029,1029,6.690940555520981
1030,1030,8.662316746027937
1031,1031,9.31714047772581
1032,1032,7.299730984463294
1033,1033,6.196082550898687
1034,1034,7.746254021192246
1035,1035,9.242336360748022
1036,1036,7.636924927147787
1037,1037,9.181342234596901
1038,1038,7.267507672534399
1039,1039,7.464300041814427
1040,1040,5.633325424711936
1041,1041,5.639079587556382
1042,1042,7.433227562454421
1043,1043,7.8866555945967125
1044,1044,7.331954296392185
1045,1045,7.875147268907821
1046,1046,6.595421452303189
1047,1047,9.611753615361408
1048,1048,6.39862908302316
1049,1049,6.857811278009894
1050,1050,6.000441014187546
1051,1051,5.206366541654097
1052,1052,4.378917924622864
1053,1053,8.044319656534512
1054,1054,5.3456172824896715
1055,1055,8.422943571699014
1056,1056,8.853354952463521
1057,1057,6.731219695432097
1058,1058,6.787610491307662
1059,1059,2.958790534613767
1060,1060,7.653036583112233
1061,1061,5.797894482063072
1062,1062,7.6000982849433365
1063,1063,4.451420376462874
1064,1064,7.457395046401094
1065,1065,3.1924095460982453
1066,1066,6.518315670187622
1067,1067,7.127106099129933
1068,1068,8.284843663432326
1069,1069,6.047625149511998
1070,1070,4.750636844374031
1071,1071,7.284770161067735
1072,1072,6.030362660978662
1073,1073,7.036190326187697
1074,1074,10.888026934259376
1075,1075,7.260602677121065
1076,1076,6.776102165618771
1077,1077,7.243340188587729
1078,1078,3.083080452053785
1079,1079,10.88112193884604
1080,1080,10.203281555770385
1081,1081,4.565352800782891
1082,1082,6.892336255076565
1083,1083,4.189030550756169
1084,1084,7.946498888178943
1085,1085,7.71863403953891
1086,1086,4.751787676942919
1087,1087,7.160480243627717
1088,1088,6.4377573903653875
1089,1089,8.45056355335235
1090,1090,6.549388149547627
1091,1091,6.712806374329873
1092,1092,10.150343257601488
1093,1093,8.679579234561272
1094,1094,10.401224757619302
1095,1095,7.741650690916691
1096,1096,8.910896580907972
1097,1097,9.630166936463633
1098,1098,9.984623367681463
1099,1099,9.708423551148089
1100,1100,7.052301982152144
1101,1101,6.031513493547552
1102,1102,4.784010988871811
1103,1103,6.908447911041013
1104,1104,4.545788647111777
1105,1105,6.9913078560010256
1106,1106,6.0625859729075575
1107,1107,5.930240227485314
1108,1108,5.42272306460524
1109,1109,7.173139401885496
1110,1110,6.719711369743207
1111,1111,5.269662332942994
1112,1112,8.111067945530078
1113,1113,7.679505732196683
1114,1114,5.12926075953853
1115,1115,9.068560642845773
1116,1116,8.113369610667856
1117,1117,6.727767197725431
1118,1118,5.126959094400752
1119,1119,5.6057054430586
1120,1120,6.844001287183225
1121,1121,6.08330095914756
1122,1122,5.434231390294129
1123,1123,7.129407764267711
1124,1124,6.990157023432136
1125,1125,6.700147216072096
1126,1126,9.098482289636888
1127,1127,5.31224313799189
1128,1128,10.403526422757082
1129,1129,4.953183376498504
1130,1130,9.286067998365805
1131,1131,7.297429319325514
1132,1132,7.842923956978926
1133,1133,7.703673216143351
1134,1134,3.8679482640361225
1135,1135,5.437683888000797
1136,1136,7.220323537209948
1137,1137,7.207664378952168
1138,1138,14.584501145531025
1139,1139,7.437830892729979
1140,1140,6.101714280249784
1141,1141,3.791993314489445
1142,1142,6.099412615112005
1143,1143,6.506807344498732
1144,1144,7.163932741334384
1145,1145,9.837316798863661
1146,1146,7.627718266596674
1147,1147,9.4023020878236
1148,1148,8.567948475379033
1149,1149,7.1202011037166
1150,1150,7.32620013354774
1151,1151,7.627718266596674
1152,1152,7.331954296392185
1153,1153,5.513638837547474
1154,1154,8.800416654294624
1155,1155,7.880901431752268
1156,1156,5.7081295416897255
1157,1157,9.1709847414769
1158,1158,6.4768856977076155
1159,1159,7.3446134546499655
1160,1160,5.186802387982984
1161,1161,8.360798612979004
1162,1162,5.801346979769741
1163,1163,6.771498835343215
1164,1164,9.067409810276885
1165,1165,7.39064675740553
1166,1166,4.626346926934012
1167,1167,4.534280321422887
1168,1168,5.947502716018651
1169,1169,10.123874108517038
1170,1170,9.690010230045866
1171,1171,9.557664484623622
1172,1172,8.647355922632379
1173,1173,7.661092411094458
1174,1174,7.460847544107762
1175,1175,8.875220771272414
1176,1176,6.870470436267674
1177,1177,6.678281397263201
1178,1178,8.775098337779063
1179,1179,7.022380335361029
1180,1180,7.579383298703334
1181,1181,7.544858321636663
1182,1182,7.762365677156694
1183,1183,6.47343320000095
1184,1184,7.907370580836714
1185,1185,5.2984331471652215
1186,1186,8.557590982259033
1187,1187,7.443585055574425
1188,1188,6.710504709192094
1189,1189,9.265353012125804
1190,1190,9.25614635157469
1191,1191,10.974339376926054
1192,1192,10.377057273672634
1193,1193,6.060284307769777
1194,1194,9.869540110792562
1195,1195,6.257076677049807
1196,1196,8.57255180565459
1197,1197,8.160553745992308
1198,1198,7.514936674845546
1199,1199,5.862341105920859
1200,1200,10.568095480108216
1201,1201,9.203208053405794
1202,1202,8.433301064819013
1203,1203,6.738124690845432
1204,1204,5.793291151787517
1205,1205,6.684035560107646
1206,1206,7.657639913387789
1207,1207,6.787610491307661
1208,1208,7.365328440889968
1209,1209,8.46092104647235
1210,1210,5.906072743538643
1211,1211,8.14559292259675
1212,1212,0.0
1213,1213,10.853501957192702
1214,1214,7.722086537245577
1215,1215,11.585431471006142
1216,1216,8.734819197867948
1217,1217,7.552914149618886
1218,1218,12.587806638508514
1219,1219,8.80501998457018
1220,1220,11.155020090241635
1221,1221,6.783007161032106
1222,1222,7.224926867485504
1223,1223,8.518462674916805
1224,1224,7.357272612907747
1225,1225,9.108839782756892
1226,1226,6.390573255040937
1227,1227,8.715255044196832
1228,1228,9.515083679574728
1229,1229,7.102938615183263
1230,1230,10.364398115414852
1231,1231,6.670225569280978
1232,1232,8.533423498312363
1233,1233,11.43006907420612
1234,1234,9.386190431859154
1235,1235,9.626714438756967
1236,1236,8.425245236836792
1237,1237,12.834084808250767
1238,1238,8.35504445013456
1239,1239,8.02360467029451
1240,1240,7.0891286243565945
1241,1241,7.81530397532559
1242,1242,7.465450874383316
1243,1243,7.215720206934392
1244,1244,5.809402807751963
1245,1245,6.095960117405339
1246,1246,9.192850560285791
1247,1247,7.831415631290037
1248,1248,7.555215814756663
1249,1249,7.700220718436685
1250,1250,8.802718319432403
1251,1251,8.366552775823449
1252,1252,7.817605640463368
1253,1253,9.57377614058807
1254,1254,6.671376401849868
1255,1255,7.136312759681046
1256,1256,8.29174865884566
1257,1257,7.4401325578677575
1258,1258,8.081146298738963
1259,1259,7.909672245974493
1260,1260,8.424094404267901
1261,1261,7.602399950081115
1262,1262,6.404383245867606
1263,1263,9.919025911254787
1264,1264,8.90168992035686
1265,1265,8.76819334236573
1266,1266,6.481489027983173
1267,1267,6.08330095914756
1268,1268,8.019001340018953
1269,1269,8.406831915734568
1270,1270,9.635921099308078
1271,1271,9.254995519005801
1272,1272,8.87982410154797
1273,1273,9.055901484587995
1274,1274,8.800416654294622
1275,1275,6.987855358294357
1276,1276,7.7968906542233665
1277,1277,7.244491021156618
1278,1278,8.468976874454574
1279,1279,8.306709482241217
1280,1280,8.933913232285756
1281,1281,6.785308826169884
1282,1282,10.539324665885989
1283,1283,9.086973963947997
1284,1284,7.702522383574464
1285,1285,6.464226539449837
1286,1286,7.753159016605581
1287,1287,7.092581122063263
1288,1288,9.97541670713035
1289,1289,10.955926055823829
1290,1290,10.099706624570368
1291,1291,6.701298048640983
1292,1292,12.671817416037413
1293,1293,8.319368640498999
1294,1294,11.214863383823864
1295,1295,8.09610712213452
1296,1296,7.140916089956603
1297,1297,8.947723223112423
1298,1298,5.93599439032976
1299,1299,8.2767878354501
1300,1300,8.473580204730132
1301,1301,8.657713415752381
1302,1302,7.968364706987836
1303,1303,9.07316397312133
1304,1304,7.738198193210023
1305,1305,7.740499858347803
1306,1306,4.916356734294054
1307,1307,6.116675103645342
1308,1308,8.093805456996742
1309,1309,6.783007161032106
1310,1310,8.536875996019027
1311,1311,6.817532138098777
1312,1312,9.764814347023652
1313,1313,7.974118869832281
1314,1314,8.27908950058788
1315,1315,6.987855358294357
1316,1316,8.08229713130785
1317,1317,8.185872062507867
1318,1318,7.491920023467765
1319,1319,8.607076782721261
1320,1320,9.278012170383581
1321,1321,10.514006349370431
1322,1322,5.827816128854188
1323,1323,8.116822108374524
1324,1324,5.377840594418567
1325,1325,10.728061207183794
1326,1326,8.260676179485655
1327,1327,7.044246154169922
1328,1328,6.359500775680932
1329,1329,7.161631076196606
1330,1330,4.679285225102908
1331,1331,8.361949445547893
1332,1332,8.658864248321269
1333,1333,8.336631129032334
1334,1334,7.323898468409964
1335,1335,7.949951385885611
1336,1336,5.896866082987531
1337,1337,6.696694718365427
1338,1338,6.266283337600918
1339,1339,8.477032702436798
1340,1340,6.942972888107684
1341,1341,6.35029411512982
1342,1342,6.25132251420536
1343,1343,10.0122433493348
1344,1344,7.715181541832244
1345,1345,11.251690026028315
1346,1346,7.910823078543382
1347,1347,10.34253229660596
1348,1348,7.862488110650042
1349,1349,9.994980860801466
1350,1350,6.601175615147635
1351,1351,7.573629135858888
1352,1352,8.165157076267864
1353,1353,7.109843610596599
1354,1354,7.441283390436647
1355,1355,6.879677096818786
1356,1356,10.136533266774821
1357,1357,9.1606272483569
1358,1358,8.849902454756853
1359,1359,5.248947346702992
1360,1360,9.067409810276883
1361,1361,5.960161874276429
1362,1362,7.139765257387714
1363,1363,12.206881058206234
1364,1364,6.098261782543116
1365,1365,8.872919106134635
1366,1366,6.550538982116516
1367,1367,6.553991479823184
1368,1368,7.731293197796691
1369,1369,9.202057220836904
1370,1370,9.173286406614679
1371,1371,7.658790745956678
1372,1372,6.453869046329835
1373,1373,7.728991532658911
1374,1374,9.083521466241331
1375,1375,8.485088530419022
1376,1376,5.83817362197419
1377,1377,7.499975851449988
1378,1378,7.323898468409961
1379,1379,7.220323537209947
1380,1380,11.764961351752834
1381,1381,6.869319603698786
1382,1382,7.57247830329
1383,1383,8.726763369885724
1384,1384,7.794588989085588
1385,1385,8.249167853796767
1386,1386,10.908741920499377
1387,1387,8.113369610667856
1388,1388,8.555289317121254
1389,1389,5.130411592107419
1390,1390,7.761214844587805
1391,1391,9.523139507556952
1392,1392,7.979873032676726
1393,1393,8.076542968463407
1394,1394,10.17105824384149
1395,1395,8.480485200143464
1396,1396,8.616283443272374
1397,1397,6.754236346809878
1398,1398,9.06050481486355
1399,1399,4.609084438400677
1400,1400,7.871694771201154
1401,1401,1.944907041422507
1402,1402,7.958007213867833
1403,1403,9.482860367645836
1404,1404,6.70475054634765
1405,1405,7.6622432436633465
1406,1406,6.980950362881023
1407,1407,8.188173727645644
1408,1408,10.489838865423758
1409,1409,9.40345292039249
1410,1410,6.860112943147675
1411,1411,8.099559619841187
1412,1412,8.352742784996778
1413,1413,9.385039599290266
1414,1414,10.333325636054846
1415,1415,8.83954496163685
1416,1416,7.6449807551300095
1417,1417,6.028060995840884
1418,1418,7.224926867485504
1419,1419,9.485162032783613
1420,1420,9.931685069512566
1421,1421,8.0351129959834
1422,1422,8.154799583147861
1423,1423,7.636924927147786
1424,1424,9.191699727716903
1425,1425,6.817532138098778
1426,1426,5.728844527929729
1427,1427,5.583839624249707
1428,1428,7.977571367538946
1429,1429,10.52666550762821
1430,1430,9.272258007539138
1431,1431,8.79120999374351
1432,1432,7.377987599147748
1433,1433,7.654187415681122
1434,1434,7.737047360641133
1435,1435,7.303183482169959
1436,1436,8.006342181761173
1437,1437,8.445960223076794
1438,1438,11.01461851683717
1439,1439,7.241038523449951
1440,1440,9.456391218561388
1441,1441,7.54600915420555
1442,1442,10.507101353957097
1443,1443,3.4617043672182852
1444,1444,8.043168823965622
1445,1445,7.313540975289961
1446,1446,3.771278328249441
1447,1447,8.1824195648012
1448,1448,5.35022061276523
1449,1449,12.025049512321763
