,index,reddit buzzword score
0,0,146.33349525683204
1,1,187.9897462597899
2,2,200.21083838315863
3,3,162.37634715563468
4,4,164.76049953714565
5,5,186.64032817589694
6,6,135.88014264796877
7,7,143.70928549139683
8,8,156.52459110372897
9,9,203.28834120214964
10,10,160.12125526783726
11,11,180.18201213162402
12,12,137.59904353078173
13,13,187.01893400688954
14,14,156.0460576614402
15,15,0.0
16,16,0.0
17,17,0.0
18,18,0.0
19,19,0.0
20,20,0.0
21,21,0.0
22,22,0.0
23,23,0.0
24,24,0.0
25,25,0.0
26,26,0.0
27,27,0.0
28,28,0.0
29,29,0.0
30,30,0.0
31,31,0.0
32,32,0.0
33,33,0.0
34,34,0.0
35,35,0.0
36,36,0.0
37,37,0.0
38,38,0.0
39,39,0.0
40,40,0.0
41,41,0.0
42,42,0.0
43,43,0.0
44,44,0.0
45,45,175.63855969907237
46,46,169.27700861497746
47,47,133.87386625488446
48,48,133.87386625488446
49,49,162.29989614687028
50,50,203.24832150145997
51,51,172.31120744173325
52,52,160.6005793729058
53,53,133.81298522085658
54,54,164.69639503178567
55,55,128.39001167633998
56,56,143.08028284013207
57,57,143.08028284013207
58,58,153.3405312701355
59,59,167.37674185457115
60,60,136.46942969961304
61,61,170.78267382815844
62,62,157.71867436154074
63,63,148.3901307869545
64,64,204.22004605756686
65,65,163.7753337137853
66,66,165.23848559751028
67,67,181.93357346925495
68,68,168.13383187612874
69,69,125.52781241425072
70,70,162.23968413519455
71,71,135.88342693951472
72,72,149.08938078517463
73,73,163.66530994699593
74,74,158.07483753363573
75,75,123.057173688696
76,76,164.59671070134445
77,77,149.98799944427722
78,78,129.45497362022428
79,79,130.64419126093048
80,80,159.61742061660155
81,81,174.6433585404329
82,82,158.2944593257182
83,83,147.4405447886753
84,84,146.8477909848437
85,85,144.21159963728735
86,86,160.4906164263299
87,87,171.23243930931326
88,88,168.28247647868977
89,89,175.0790745521969
90,90,159.29695891001512
91,91,164.3333591755292
92,92,147.2158140986325
93,93,150.16030311001242
94,94,118.69593861673167
95,95,134.0958600353058
96,96,109.20439686912385
97,97,141.958028254835
98,98,124.94314769885594
99,99,149.72872287278804
100,100,138.33727928605677
101,101,158.49486193023552
102,102,167.98190298202098
103,103,134.6538246768361
104,104,152.16578884031733
105,105,150.73468920927255
106,106,141.4145388241926
107,107,143.48066230766995
108,108,143.48066230766995
109,109,142.18099515867746
110,110,127.98774678217383
111,111,127.98774678217383
112,112,132.47421067438177
113,113,148.54978384821644
114,114,148.54978384821644
115,115,128.90236115750986
116,116,177.70942715922712
117,117,177.70942715922712
118,118,107.79859844702587
119,119,128.4941967026036
120,120,128.4941967026036
121,121,156.90496072092253
122,122,128.32317026135857
123,123,128.32317026135857
124,124,137.6689259564539
125,125,146.19555501190175
126,126,150.92523893915163
127,127,128.76691454134587
128,128,134.92934024541364
129,129,134.92934024541364
130,130,125.87582567769473
131,131,156.20984649724116
132,132,156.20984649724116
133,133,125.03407391850824
134,134,112.41077772118713
135,135,112.41077772118713
136,136,123.33858881801389
137,137,132.26389437501268
138,138,169.35540587058372
139,139,139.09248388098587
140,140,141.6531365229852
141,141,195.5918472450495
142,142,125.97678723262615
143,143,137.8291872198542
144,144,136.59861183375423
145,145,162.59414434130287
146,146,158.76970847646123
147,147,138.23230359701338
148,148,117.30771723642573
149,149,126.99570827465286
150,150,187.17791804579957
151,151,154.93864320831375
152,152,110.49147423385703
153,153,138.67045241733013
154,154,117.91464215007632
155,155,150.1384686532531
156,156,134.47379684394645
157,157,143.4163753416686
158,158,172.33012252822942
159,159,137.21259189220726
160,160,153.67589392910642
161,161,109.32798354359414
162,162,109.32798354359414
163,163,123.58789087443765
164,164,144.83494600866732
165,165,181.74734197455643
166,166,110.90292298030903
167,167,133.8149314676987
168,168,0.0
169,169,0.0
170,170,0.0
171,171,0.0
172,172,0.0
173,173,0.0
174,174,0.0
175,175,0.0
176,176,0.0
177,177,0.0
178,178,0.0
179,179,0.0
180,180,0.0
181,181,0.0
182,182,0.0
183,183,0.0
184,184,0.0
185,185,0.0
186,186,0.0
187,187,0.0
188,188,0.0
189,189,0.0
190,190,0.0
191,191,0.0
192,192,0.0
193,193,0.0
194,194,0.0
195,195,0.0
196,196,0.0
197,197,0.0
198,198,0.0
199,199,0.0
200,200,0.0
201,201,0.0
202,202,0.0
203,203,0.0
204,204,0.0
205,205,0.0
206,206,0.0
207,207,0.0
208,208,0.0
209,209,0.0
210,210,0.0
211,211,0.0
212,212,0.0
213,213,0.0
214,214,0.0
215,215,0.0
216,216,0.0
217,217,0.0
218,218,0.0
219,219,0.0
220,220,0.0
221,221,0.0
222,222,0.0
223,223,0.0
224,224,0.0
225,225,0.0
226,226,0.0
227,227,0.0
228,228,150.76236240655777
229,229,136.58541384735665
230,230,149.08761699897394
231,231,149.08761699897394
232,232,127.19398217168683
233,233,148.21223166154832
234,234,146.7762055931847
235,235,136.8329521175797
236,236,144.33421318833652
237,237,110.48721681889
238,238,136.47770124869206
239,239,123.96108370640057
240,240,136.61764856067805
241,241,133.945999028468
242,242,133.8600600663488
243,243,130.0890851694497
244,244,136.04770233702658
245,245,142.09067714116358
246,246,137.79737824802916
247,247,155.02835302368956
248,248,154.99040121026948
249,249,131.56531339914437
250,250,138.9858660461697
251,251,131.53800512314194
252,252,170.88570327035922
253,253,149.6408376638268
254,254,141.05205034986088
255,255,137.67494715762146
256,256,147.5390735350542
257,257,140.80943851695662
258,258,171.14802085253925
259,259,134.65400713747752
260,260,134.65400713747752
261,261,188.38167171760733
262,262,146.64976036866514
263,263,146.64976036866514
264,264,134.27041404895226
265,265,133.95104710621456
266,266,112.79978380874181
267,267,112.79978380874181
268,268,151.5231624611578
269,269,188.6849821238982
270,270,149.61784762300468
271,271,126.28727442414683
272,272,131.5665906236345
273,273,131.5665906236345
274,274,158.34743373194993
275,275,142.40901014026613
276,276,184.07030922097005
277,277,130.51774603641115
278,278,130.51774603641115
279,279,172.51872601126666
280,280,120.33960489505651
281,281,131.6981447461142
282,282,131.6981447461142
283,283,206.12298890738109
284,284,130.86770554669727
285,285,136.48214112430034
286,286,144.42805877825157
287,287,160.15063143110933
288,288,132.4474497803035
289,289,132.4474497803035
290,290,137.72640105850815
291,291,121.24637346281024
292,292,128.6336574528792
293,293,132.9975686142515
294,294,137.343476992335
295,295,137.343476992335
296,296,126.29353890616987
297,297,126.8815487333238
298,298,153.96302615852264
299,299,153.5773043625138
300,300,131.58386356435773
301,301,176.5995190773346
302,302,149.98282972610312
303,303,122.35816697133126
304,304,109.16480290993103
305,305,110.67229272952616
306,306,95.85843489126417
307,307,118.09023010735741
308,308,120.73943698067005
309,309,136.43695170543663
310,310,132.66713239259985
311,311,132.18166544593603
312,312,162.27751430818682
313,313,127.80723238757396
314,314,135.91991906780314
315,315,131.65338106874714
316,316,128.34281519042065
317,317,128.34281519042065
318,318,107.31550348870083
319,319,130.65361839407157
320,320,134.1892798837241
321,321,131.93309323207802
322,322,126.99497843208714
323,323,145.09087746839708
324,324,152.01629275476225
325,325,106.91038004448534
326,326,135.09915028238237
327,327,149.07496639450048
328,328,143.48619694712679
329,329,121.77934099646293
330,330,150.41027418878792
331,331,119.44877122332204
332,332,153.13319516124318
333,333,105.94455504911811
334,334,143.06215841641537
335,335,148.84269399794496
336,336,184.12559479532717
337,337,174.02481696594418
338,338,152.22156097638438
339,339,138.2218425202376
340,340,127.37297606094151
341,341,146.49181027338992
342,342,116.67330158613139
343,343,171.05162081364406
344,344,165.1222581689116
345,345,166.45233542481137
346,346,111.66816291051742
347,347,136.9728994295659
348,348,144.91845216223413
349,349,171.0606222052884
350,350,131.64942775484928
351,351,141.80561279901698
352,352,146.9169435679504
353,353,141.5616021011951
354,354,126.38458676624923
355,355,134.40275883421162
356,356,138.93204015694457
357,357,128.77415214678985
358,358,132.82039933141138
359,359,138.63657555823588
360,360,138.15889359893995
361,361,144.47136277048685
362,362,150.72970195173988
363,363,146.54137874764845
364,364,135.55396384128377
365,365,158.99851412082984
366,366,154.959443721438
367,367,138.46524501592143
368,368,141.97809892539365
369,369,162.40085770180167
370,370,125.83683992064005
371,371,134.79638725801604
372,372,127.5143222378454
373,373,151.18567109470342
374,374,152.4713495945188
375,375,117.60397249791399
376,376,144.57627763931617
377,377,133.79534735885053
378,378,166.82455513335336
379,379,135.77419383550475
380,380,158.1048218990461
381,381,129.9399540051775
382,382,121.56647024811359
383,383,143.32593568372698
384,384,132.4685543944969
385,385,128.1137662651966
386,386,150.70093399060548
387,387,138.28448734046577
388,388,143.77290343504654
389,389,169.73133561216827
390,390,134.49921969332075
391,391,133.5250623286608
392,392,135.60109950699
393,393,161.49451487554458
394,394,131.12722539904152
395,395,138.61370715784147
396,396,147.91956479267495
397,397,141.67892429364232
398,398,128.78297107779287
399,399,126.25625611510166
400,400,139.7075587032874
401,401,132.14055098139758
402,402,136.43226854897267
403,403,138.15183845413762
404,404,173.5895266956769
405,405,117.81465371856584
406,406,132.43370441198155
407,407,169.93873254127428
408,408,139.26861922019134
409,409,142.74084522683586
410,410,131.15362137183695
411,411,130.54475021134454
412,412,120.29812550923536
413,413,139.8389303651256
414,414,130.70622787902067
415,415,148.20925147107135
416,416,142.03526992637865
417,417,117.041081419065
418,418,141.04864441788732
419,419,134.53954349507922
420,420,129.90473910137933
421,421,146.1290176979889
422,422,140.27683590458702
423,423,139.9776004526217
424,424,141.37026170853593
425,425,138.85990738336093
426,426,147.1136361394249
427,427,123.9843778482915
428,428,152.34101187631538
429,429,139.5727811094754
430,430,123.6960292145991
431,431,117.08943348904722
432,432,136.69963420889925
433,433,152.4521912271676
434,434,113.87697061560257
435,435,141.3859533237001
436,436,153.95031473383557
437,437,114.39625360114692
438,438,114.39625360114692
439,439,134.72176085566645
440,440,154.76767758728263
441,441,135.3673066050886
442,442,133.1910377143941
443,443,130.53514061756192
444,444,131.5428099200333
445,445,135.0102311297863
446,446,137.96895207119877
447,447,124.7158625598331
448,448,154.55036696332476
449,449,128.5501512993126
450,450,122.52706470509267
451,451,119.43186320388168
452,452,119.43186320388168
453,453,133.61130539184924
454,454,136.40575093574998
455,455,127.45477924852155
456,456,127.45477924852155
457,457,147.5998937488682
458,458,132.08830641773133
459,459,135.06551670414322
460,460,119.00192511243013
461,461,186.0067640085962
462,462,113.10041812562461
463,463,134.8173094115682
464,464,134.8173094115682
465,465,129.25165164544407
466,466,140.4797929580845
467,467,142.65904203925578
468,468,142.65904203925578
469,469,136.61004603395116
470,470,116.41542387955971
471,471,119.70908173844627
472,472,139.65111754486782
473,473,139.65111754486782
474,474,117.58578725398364
475,475,113.3581741917686
476,476,140.9659897473139
477,477,164.63666958181992
478,478,159.7561515243113
479,479,159.7561515243113
480,480,130.1331190042511
481,481,125.36444931994627
482,482,138.99693532508414
483,483,151.33334257384394
484,484,126.28532817730485
485,485,152.3393089103286
486,486,145.41851596021343
487,487,124.84273352584917
488,488,111.53308121563649
489,489,111.53308121563649
490,490,140.46677743232826
491,491,121.14206679611907
492,492,121.14206679611907
493,493,136.18004712228597
494,494,120.42025249857392
495,495,107.66698350433231
496,496,133.77545914893335
497,497,133.77545914893335
498,498,162.3450855657342
499,499,154.49216201870465
500,500,166.59459390492248
501,501,123.86042625253843
502,502,123.86042625253843
503,503,117.76569344644565
504,504,109.54614565054509
505,505,123.50511456343668
506,506,123.50511456343668
507,507,155.94515692672258
508,508,119.33795679375284
509,509,119.33795679375284
510,510,128.07398984536246
511,511,117.85850509272592
512,512,115.2348427092151
513,513,115.2348427092151
514,514,137.49844689713333
515,515,134.21841276614103
516,516,108.8905037456295
517,517,121.63939368447652
518,518,138.47205687986866
519,519,152.4626523039434
520,520,123.16549448949898
521,521,133.3511773373665
522,522,128.11565169182498
523,523,121.90955707423882
524,524,121.90955707423882
525,525,126.08808822390586
526,526,125.30296008378015
527,527,125.30296008378015
528,528,109.62393470401335
529,529,161.12527535747952
530,530,125.08370321298052
531,531,180.16917906650912
532,532,180.16917906650912
533,533,125.60493244536691
534,534,119.03841724071854
535,535,141.27106393980526
536,536,114.39120552340053
537,537,143.5399620161388
538,538,143.5399620161388
539,539,132.5263335976203
540,540,137.19294696314532
541,541,113.24656909941996
542,542,139.33375766918627
543,543,127.78898632342968
544,544,127.78898632342968
545,545,114.53103119495889
546,546,120.22307336538877
547,547,121.45906175051805
548,548,147.3112410141068
549,549,147.3112410141068
550,550,101.35123004123913
551,551,107.8425714616132
552,552,108.10683529063549
553,553,108.10683529063549
554,554,113.71354670108417
555,555,136.528121205944
556,556,136.10803598913
557,557,136.10803598913
558,558,128.03822755963972
559,559,118.87031016973646
560,560,129.1376137445426
561,561,129.1376137445426
562,562,110.98387468489551
563,563,133.75806456778255
564,564,126.935435442763
565,565,122.45268158359833
566,566,133.88323256781175
567,567,133.88323256781175
568,568,118.15865284789817
569,569,124.89047739369319
570,570,120.0488842730253
571,571,125.18563789133269
572,572,120.62327037228525
573,573,120.62327037228525
574,574,123.49489676751595
575,575,136.1031095518112
576,576,118.81380819110343
577,577,120.03611202812436
578,578,129.03233395443058
579,579,122.71439096364016
580,580,122.71439096364016
581,581,130.8257395991654
582,582,187.6989648175444
583,583,131.97992479671476
584,584,128.11437446733495
585,585,128.11437446733495
586,586,132.82544740915807
587,587,167.7526715961556
588,588,126.85892361378512
589,589,126.85892361378512
590,590,125.55974302650323
591,591,125.55974302650323
592,592,112.96600545309558
593,593,124.82521730427075
594,594,163.32794022096928
595,595,163.32794022096928
596,596,145.86791652008526
597,597,118.91817567800801
598,598,118.91817567800801
599,599,140.7775687249178
600,600,141.42810173187314
601,601,141.42810173187314
602,602,109.93460435617541
603,603,134.66854316857905
604,604,134.66854316857905
605,605,119.9855704304448
606,606,129.00837079018777
607,607,129.00837079018777
608,608,120.86089494765677
609,609,132.75538252284397
610,610,132.75538252284397
611,611,120.37925967446324
612,612,175.61593457953325
613,613,175.61593457953325
614,614,126.70602159625673
615,615,177.1074895031095
616,616,164.7670681202375
617,617,141.90718255608672
618,618,141.90718255608672
619,619,152.56854029619365
620,620,120.27416234499266
621,621,129.48897211974628
622,622,129.48897211974628
623,623,148.80565448773197
624,624,151.534170919858
625,625,144.0672124496928
626,626,137.89858308381602
627,627,137.89858308381602
628,628,125.08753488645091
629,629,133.06155147918386
630,630,133.06155147918386
631,631,125.1616139068762
632,632,126.67865250004022
633,633,126.67865250004022
634,634,127.39912875288152
635,635,161.41581351886913
636,636,138.31349858245537
637,637,138.31349858245537
638,638,132.70970654226963
639,639,132.70970654226963
640,640,119.8160036743313
641,641,134.72729549512334
642,642,157.0020906023833
643,643,157.0020906023833
644,644,154.74937070292438
645,645,128.4948049047418
646,646,128.4948049047418
647,647,172.0148305398168
648,648,136.3528981699456
649,649,132.319423230225
650,650,132.319423230225
651,651,127.52904072958825
652,652,149.31429393585876
653,653,164.92915399005156
654,654,130.789247470877
655,655,130.789247470877
656,656,134.43177007620088
657,657,137.87541058235274
658,658,143.19742257193795
659,659,143.19742257193795
660,660,119.00776385295627
661,661,140.9086971059013
662,662,140.9086971059013
663,663,152.28365841468863
664,664,154.33767867561664
665,665,120.65751215266258
666,666,113.765973725392
667,667,113.765973725392
668,668,140.0758859181453
669,669,130.30876778174607
670,670,130.30876778174607
671,671,125.04751518576128
672,672,116.2760239494979
673,673,121.39520052601328
674,674,116.76380206428682
675,675,116.76380206428682
676,676,128.1321339697686
677,677,128.1321339697686
678,678,129.12313853365484
679,679,140.8720833371847
680,680,140.8720833371847
681,681,146.39559269513626
682,682,146.02921172712033
683,683,132.89259292520865
684,684,132.89259292520865
685,685,137.02970550926827
686,686,136.4840873711422
687,687,136.4840873711422
688,688,151.99616126398956
689,689,237.01047367263567
690,690,146.7720698186451
691,691,122.28037791786308
692,692,122.28037791786308
693,693,156.55494039042185
694,694,113.98973129201396
695,695,142.57614408782743
696,696,142.57614408782743
697,697,119.62423754017577
698,698,143.42124095877358
699,699,147.38343460790418
700,700,147.38343460790418
701,701,130.81552180324468
702,702,140.1506947811366
703,703,118.55240291213053
704,704,148.94158766560648
705,705,148.94158766560648
706,706,132.06118060237037
707,707,136.8263227142741
708,708,140.2028177043752
709,709,135.83118237584856
710,710,132.9063382935305
711,711,134.22504216944682
712,712,117.40825304986043
713,713,150.44159659890204
714,714,147.194040462087
715,715,117.510491829282
716,716,117.510491829282
717,717,117.85041600428872
718,718,155.83227460988388
719,719,155.83227460988388
720,720,125.01424652880496
721,721,128.69356536348627
722,722,128.5410890874542
723,723,128.5410890874542
724,724,146.91919391586157
725,725,124.96528625668445
726,726,152.15800385294878
727,727,123.61744949835129
728,728,113.8305647924625
729,729,122.50352728234678
730,730,122.50352728234678
731,731,141.96143418680853
732,732,119.35833156538048
733,733,132.6543601476989
734,734,132.6543601476989
735,735,162.97232443079866
736,736,126.05664417336406
737,737,144.56654640510615
738,738,144.56654640510615
739,739,132.46271565397072
740,740,124.48602297182964
741,741,118.43051920364731
742,742,106.30911141071965
743,743,117.57946195174705
744,744,117.57946195174705
745,745,130.75445830857524
746,746,126.7112521346447
747,747,151.8106596118569
748,748,148.9616583361649
749,749,116.63109235774446
750,750,134.4306144921384
751,751,134.4306144921384
752,752,134.98359187613573
753,753,117.84056312965077
754,754,145.223343894084
755,755,109.33576853096223
756,756,168.39675766044687
757,757,142.89113197517025
758,758,113.47525310336103
759,759,130.24715690515256
760,760,117.35606930640806
761,761,113.21713211593386
762,762,126.11855915102653
763,763,123.22376025433294
764,764,158.92771939195035
765,765,140.1898629988326
766,766,133.53600996714746
767,767,133.53600996714746
768,768,130.85000686447728
769,769,152.5485304458488
770,770,130.66949246987727
771,771,91.73214830526345
772,772,133.39326492532584
773,773,125.64914874080989
774,774,125.64914874080989
775,775,136.05913653722374
776,776,138.10883856297087
777,777,135.45008291608957
778,778,147.76714933685707
779,779,129.5496098729191
780,780,129.5496098729191
781,781,133.40597635001302
782,782,107.09582087640447
783,783,107.09582087640447
784,784,126.23186720936242
785,785,143.28135446700128
786,786,134.68307919968044
787,787,147.2402030043719
788,788,135.607972191151
789,789,142.05540141715142
790,790,129.39275454149248
791,791,146.6787107904406
792,792,138.97169493635133
793,793,119.52637781614908
794,794,147.4094048392026
795,795,153.28506323513716
796,796,119.74739847314899
797,797,130.60027906655682
798,798,124.58485581927762
799,799,124.58485581927762
800,800,128.71783262879788
801,801,111.9251891340957
802,802,131.5474930764969
803,803,135.19372571486343
804,804,99.79344190481977
805,805,120.11134663261238
806,806,145.05651404759178
807,807,147.94948833787143
808,808,145.05158761027306
809,809,134.56478388381214
810,810,126.15079386434824
811,811,142.62254991096728
812,812,122.61403761084689
813,813,171.57011313640874
814,814,132.03861630304536
815,815,110.37281399670587
816,816,139.11869739313963
817,817,127.52800678595351
818,818,118.30662842810787
819,819,118.76995681694339
820,820,152.25142370136714
821,821,126.015164787543
822,822,119.20305755951317
823,823,140.890390221543
824,824,111.74205947030157
825,825,131.26881485680073
826,826,137.14143224204471
827,827,109.81947169142548
828,828,131.8532362913403
829,829,127.43276233112086
830,830,109.83607560979667
831,831,123.80112654406975
832,832,141.50382289807146
833,833,137.83435693802798
834,834,116.61734698942243
835,835,147.7303531074992
836,836,99.91246706325381
837,837,165.25308244882567
838,838,144.95488347030906
839,839,128.63773240720488
840,840,141.59779012841457
841,841,161.39781073558012
842,842,127.87529020683195
843,843,146.8756466427705
844,844,127.83916299982624
845,845,125.68247821797983
846,846,152.61579760232735
847,847,153.69444409431935
848,848,123.24249288018773
849,849,118.6477081871772
850,850,148.65773972773627
851,851,149.01116599020952
852,852,110.79271675287796
853,853,123.59074942448707
854,854,134.4067729683233
855,855,157.60931961710264
856,856,138.53543154266276
857,857,117.96755573609448
858,858,110.41356353996123
859,859,136.6113232584413
860,860,135.54325948365286
861,861,135.54325948365286
862,862,130.2134625066995
863,863,132.68470943439212
864,864,111.59159026132562
865,865,134.5189862628104
866,866,134.5189862628104
867,867,134.982557932501
868,868,150.33795895456322
869,869,150.33795895456322
870,870,143.03533670212326
871,871,119.02704386073545
872,872,119.02704386073545
873,873,157.22864589884057
874,874,136.11460457222208
875,875,136.11460457222208
876,876,116.81264069597947
877,877,132.02103926125312
878,878,124.31517899122595
879,879,138.22062611596144
880,880,137.72524547444579
881,881,118.99292372078577
882,882,137.0377945977057
883,883,111.21261950905023
884,884,111.21261950905023
885,885,136.01966421845827
886,886,136.4974069979676
887,887,136.4974069979676
888,888,129.0721103742646
889,889,121.57346457270218
890,890,119.67003516117774
891,891,135.180710189107
892,892,126.86883730863678
893,893,126.86883730863678
894,894,117.52131782734081
895,895,122.21663833378584
896,896,122.21663833378584
897,897,141.63446471734423
898,898,121.19595350555842
899,899,124.6529136385355
900,900,132.0502937840977
901,901,132.0502937840977
902,902,122.12528637263716
903,903,169.3121626985621
904,904,131.15909519108044
905,905,120.90207023240886
906,906,120.90207023240886
907,907,113.89436519675336
908,908,113.76816325308928
909,909,113.76816325308928
910,910,145.55767260941977
911,911,110.29490330280997
912,912,125.94880993427167
913,913,116.74579928099769
914,914,116.1425235801761
915,915,124.67024739947266
916,916,117.08633165814273
917,917,113.37435236864346
918,918,113.37435236864346
919,919,118.39347969343427
920,920,97.83959253604326
921,921,138.8345453542002
922,922,112.57949299430733
923,923,112.57949299430733
924,924,158.9556966903043
925,925,140.094192802503
926,926,134.05967200808638
927,927,132.07328382491943
928,928,125.09471167168066
929,929,125.09471167168066
930,930,122.40749216473445
931,931,140.92517938384458
932,932,140.92517938384458
933,933,133.09360373186396
934,934,131.01689753118308
935,935,131.01689753118308
936,936,129.44931734033952
937,937,131.45334338551274
938,938,131.45334338551274
939,939,107.03798085306722
940,940,144.0760313806957
941,941,144.0760313806957
942,942,112.7432818301085
943,943,114.7859287110536
944,944,114.7859287110536
945,945,111.7183395869141
946,946,126.78028307732352
947,947,126.78028307732352
948,948,140.41787798042168
949,949,130.24259538911613
950,950,130.24259538911613
951,951,126.16958731041667
952,952,118.4375743484497
953,953,137.98622501192185
954,954,137.98622501192185
955,955,147.3612960500757
956,956,121.32197298858149
957,957,113.14694558919257
958,958,113.62152571758362
959,959,113.62152571758362
960,960,127.60950587246452
961,961,133.7916981460219
962,962,117.51152577291684
963,963,117.51152577291684
964,964,122.1736992628331
965,965,134.56405404124638
966,966,132.30172454800498
967,967,132.30172454800498
968,968,123.7733317063569
969,969,131.73196078499495
970,970,138.11431238221437
971,971,134.77716807045087
972,972,134.77716807045087
973,973,112.0243260826126
974,974,122.28883192758319
975,975,122.28883192758319
976,976,117.60944631715738
977,977,126.44473795771135
978,978,126.44473795771135
979,979,114.32333016478397
980,980,125.77541150468778
981,981,125.77541150468778
982,982,140.4112485771161
983,983,118.43155314728187
984,984,118.43155314728187
985,985,165.44788959367222
986,986,115.45482942258069
987,987,115.45482942258069
988,988,140.2421075624988
989,989,140.2421075624988
990,990,126.69154638536891
991,991,116.95818346763627
992,992,135.64130166832118
993,993,135.64130166832118
994,994,115.61350936042147
995,995,115.61350936042147
996,996,134.90397821625328
997,997,108.37389684949298
998,998,108.37389684949298
999,999,139.43064426979188
1000,1000,132.9753692362095
1001,1001,132.9753692362095
1002,1002,145.08838383963058
1003,1003,129.73590218783147
1004,1004,137.99096898859923
1005,1005,137.99096898859923
1006,1006,124.18119206019375
1007,1007,129.78717362807646
1008,1008,152.58064351874273
1009,1009,132.90129021578414
1010,1010,119.87043776569479
1011,1011,126.88483302486992
1012,1012,132.15660751784463
1013,1013,132.15660751784463
1014,1014,146.9701612550376
1015,1015,152.09760938063155
1016,1016,138.03901695751253
1017,1017,141.86406102449232
1018,1018,141.86406102449232
1019,1019,143.18027127164237
1020,1020,143.18027127164237
1021,1021,117.17531163095262
1022,1022,154.0349156512506
1023,1023,154.0349156512506
1024,1024,132.7578761516105
1025,1025,129.7237381450687
1026,1026,129.7237381450687
1027,1027,130.37433197223748
1028,1028,127.99170009607184
1029,1029,127.99170009607184
1030,1030,141.81808094284887
1031,1031,126.6823017128692
1032,1032,126.6823017128692
1033,1033,125.42672921889168
1034,1034,154.450500172242
1035,1035,129.67915692834302
1036,1036,135.73514725823617
1037,1037,145.63643478630925
1038,1038,114.98189143996267
1039,1039,135.05858319976878
1040,1040,119.2771365799389
1041,1041,123.45755315623398
1042,1042,134.14475948721233
1043,1043,143.343634365947
1044,1044,114.91657053032615
1045,1045,124.00499590077429
1046,1046,136.86001711272712
1047,1047,123.51782598812399
1048,1048,147.54807492669877
1049,1049,141.0398254868841
1050,1050,132.462654833757
1051,1051,124.70442835963603
1052,1052,137.23241928191055
1053,1053,156.57239579178693
1054,1054,146.17207840936948
1055,1055,156.0210605535625
1056,1056,117.19860577284338
1057,1057,135.28471275472904
1058,1058,123.69304902412216
1059,1059,144.72096892797998
1060,1060,131.7416920192053
1061,1061,123.7848267267676
1062,1062,126.26641309080873
1063,1063,94.7502297753583
1064,1064,109.37268640074745
1065,1065,126.97667154772914
1066,1066,151.33328175363053
1067,1067,120.48922262103909
1068,1068,120.48922262103909
1069,1069,138.76368980510716
1070,1070,134.37715352419588
1071,1071,128.66765595240125
1072,1072,136.44017517676858
1073,1073,133.13715100495492
1074,1074,120.44281679789893
1075,1075,120.44281679789893
1076,1076,161.49013582014996
1077,1077,139.54468217069333
1078,1078,139.54468217069333
1079,1079,118.49273828237888
1080,1080,136.26501296098405
1081,1081,136.26501296098405
1082,1082,123.83518586380562
1083,1083,141.67636984466202
1084,1084,141.67636984466202
1085,1085,133.1758934811545
1086,1086,118.92632558665929
1087,1087,118.92632558665929
1088,1088,168.89822032334314
1089,1089,119.21011270431563
1090,1090,119.21011270431563
1091,1091,145.75430436068078
1092,1092,145.75430436068078
1093,1093,162.68269857261586
1094,1094,159.50490322104562
1095,1095,139.5252197022729
1096,1096,139.5252197022729
1097,1097,154.35002517902137
1098,1098,149.70944286500895
1099,1099,133.13204210699433
1100,1100,157.8416528338725
1101,1101,140.25335930205466
1102,1102,140.25335930205466
1103,1103,143.2539245505711
1104,1104,117.57684668255304
1105,1105,117.57684668255304
1106,1106,140.41428958780688
1107,1107,143.63557139225438
1108,1108,158.9454788943836
1109,1109,158.9454788943836
1110,1110,116.88526003127332
1111,1111,116.32924163658548
1112,1112,156.2147121143464
1113,1113,156.2147121143464
1114,1114,122.98041857886287
1115,1115,140.68725070740433
1116,1116,140.68725070740433
1117,1117,112.34016545294911
1118,1118,197.28003391988653
1119,1119,197.28003391988653
1120,1120,129.52576834910383
1121,1121,137.3677442576468
1122,1122,137.3677442576468
1123,1123,179.26143737533425
1124,1124,213.15277168065072
1125,1125,184.05352284195774
1126,1126,146.87844437260605
1127,1127,146.87844437260605
1128,1128,140.5308211174743
1129,1129,142.81906002180054
1130,1130,157.14118643137593
1131,1131,134.4692961481242
1132,1132,134.4692961481242
1133,1133,134.33263312768398
1134,1134,155.65315908020105
1135,1135,155.65315908020105
1136,1136,173.54512793959256
1137,1137,134.50736960197162
1138,1138,186.42423395621526
1139,1139,186.42423395621526
1140,1140,131.6860415235653
1141,1141,125.19841013623378
1142,1142,163.9599838829248
1143,1143,163.9599838829248
1144,1144,146.23855490306832
1145,1145,151.33157878764356
1146,1146,151.33157878764356
1147,1147,153.15417813500918
1148,1148,166.54678921686417
1149,1149,166.54678921686417
1150,1150,102.14183200060808
1151,1151,136.57495277058064
1152,1152,136.57495277058064
1153,1153,165.3510029930662
1154,1154,137.91609930539428
1155,1155,137.91609930539428
1156,1156,116.95818346763646
1157,1157,134.51314752228424
1158,1158,134.51314752228424
1159,1159,106.15675677511531
1160,1160,139.78747646423884
1161,1161,128.90150967451652
1162,1162,128.90150967451652
1163,1163,143.32751700928628
1164,1164,165.11240529427346
1165,1165,165.11240529427346
1166,1166,172.0333198848167
1167,1167,134.4213698196387
1168,1168,134.4213698196387
1169,1169,121.8374243006553
1170,1170,128.70469546261404
1171,1171,128.70469546261404
1172,1172,137.6769542246773
1173,1173,136.28684741774336
1174,1174,136.28684741774336
1175,1175,112.86711178543396
1176,1176,112.86711178543396
1177,1177,133.20301929651535
1178,1178,119.05952185491222
1179,1179,119.05952185491222
1180,1180,147.83344336991416
1181,1181,125.25904788940635
1182,1182,125.25904788940635
1183,1183,154.4983048602997
1184,1184,154.4983048602997
1185,1185,146.1208677893381
1186,1186,159.26113580407866
1187,1187,159.26113580407866
1188,1188,133.71263186806357
1189,1189,129.28443374068982
1190,1190,123.14548463915418
1191,1191,125.92484677002888
1192,1192,136.9809885180031
1193,1193,136.9809885180031
1194,1194,153.44021560057703
1195,1195,112.42908460554528
1196,1196,112.42908460554528
1197,1197,126.11989719573053
1198,1198,126.11989719573053
1199,1199,132.08374490169538
1200,1200,132.08374490169538
1201,1201,114.52701706084727
1202,1202,120.06481916904457
1203,1203,120.06481916904457
1204,1204,122.31759988871731
1205,1205,122.31759988871731
1206,1206,167.28222724230378
1207,1207,134.55657315494733
1208,1208,158.44827364645397
1209,1209,111.32623166845487
1210,1210,111.32623166845487
1211,1211,132.9897836268834
1212,1212,132.9897836268834
1213,1213,118.38989130081943
1214,1214,118.38989130081943
1215,1215,126.99321464588655
1216,1216,123.5822345945529
1217,1217,123.5822345945529
1218,1218,123.77187202122506
1219,1219,123.77187202122506
1220,1220,150.35936766982587
1221,1221,122.93711458662725
1222,1222,122.93711458662725
1223,1223,107.6408916326059
1224,1224,107.6408916326059
1225,1225,143.2353743853579
1226,1226,117.74872460679157
1227,1227,117.74872460679157
1228,1228,132.55686534495504
1229,1229,129.61401847934815
1230,1230,129.61401847934815
1231,1231,108.55045793019535
1232,1232,114.45695217453341
1233,1233,114.45695217453341
1234,1234,130.96580855157927
1235,1235,130.96580855157927
1236,1236,124.6962784509851
1237,1237,141.97779482432463
1238,1238,141.97779482432463
1239,1239,133.66415815765384
1240,1240,133.66415815765384
1241,1241,135.07427481493244
1242,1242,123.31687600168218
1243,1243,123.31687600168218
1244,1244,110.88899515134565
1245,1245,117.60306019470701
1246,1246,117.60306019470701
1247,1247,112.50225132276347
1248,1248,152.24753120768335
1249,1249,152.24753120768335
1250,1250,123.44240892299452
1251,1251,139.49000479847456
1252,1252,139.49000479847456
1253,1253,160.57977885978121
1254,1254,113.0631961547706
1255,1255,131.18774151178687
1256,1256,131.18774151178687
1257,1257,0.0
1258,1258,0.0
1259,1259,116.84493622951479
1260,1260,116.84493622951479
1261,1261,116.93793033643652
1262,1262,119.85888192507024
1263,1263,119.85888192507024
1264,1264,185.3514870249633
1265,1265,171.6952203162241
1266,1266,162.44890567071522
1267,1267,162.44890567071522
1268,1268,0.0
1269,1269,0.0
1270,1270,123.68392599205006
1271,1271,100.03270862596432
1272,1272,100.03270862596432
1273,1273,133.68970264745576
1274,1274,133.68970264745576
1275,1275,115.32437006394946
1276,1276,115.32437006394946
1277,1277,132.39940181139067
1278,1278,113.58101945518344
1279,1279,113.58101945518344
1280,1280,115.64118255770698
1281,1281,115.64118255770698
1282,1282,106.36384960315227
1283,1283,106.36384960315227
1284,1284,113.53947924914846
1285,1285,116.51821004090564
1286,1286,116.51821004090564
1287,1287,128.29348999701742
1288,1288,128.29348999701742
1289,1289,128.97747412157022
1290,1290,125.72493072722219
1291,1291,125.72493072722219
1292,1292,0.0
1293,1293,118.7448380686381
1294,1294,118.7448380686381
1295,1295,126.18290693724192
1296,1296,146.50056838417942
1297,1297,146.50056838417942
1298,1298,140.18159144975425
1299,1299,163.44465421127862
1300,1300,163.44465421127862
1301,1301,119.50636796580405
1302,1302,119.50636796580405
1303,1303,118.67361759826193
1304,1304,122.4816320053738
1305,1305,122.4816320053738
1306,1306,167.7159361870118
1307,1307,167.7159361870118
1308,1308,122.39946389651104
1309,1309,0.0
1310,1310,0.0
1311,1311,0.0
1312,1312,0.0
1313,1313,0.0
1314,1314,0.0
1315,1315,0.0
1316,1316,0.0
1317,1317,0.0
1318,1318,0.0
1319,1319,179.0233262382522
1320,1320,115.92606443921193
1321,1321,115.92606443921193
1322,1322,117.2973778000775
1323,1323,115.50190426807276
1324,1324,115.50190426807276
1325,1325,113.04166579908032
1326,1326,107.24823633222245
1327,1327,107.24823633222245
1328,1328,114.80314083156303
1329,1329,116.42351296799721
1330,1330,106.31939002685417
1331,1331,106.31939002685417
1332,1332,0.0
1333,1333,0.0
1334,1334,0.0
1335,1335,0.0
1336,1336,115.9978322915126
1337,1337,115.9978322915126
1338,1338,131.59298659642982
1339,1339,131.59298659642982
1340,1340,112.28050082319746
1341,1341,103.51940984349649
1342,1342,103.51940984349649
1343,1343,112.25672011959615
1344,1344,112.25672011959615
1345,1345,131.77471739530625
1346,1346,157.129387309896
1347,1347,195.8166387553063
1348,1348,195.8166387553063
1349,1349,157.74087373958304
1350,1350,156.16076458469325
1351,1351,119.62551476466582
1352,1352,119.62551476466582
1353,1353,133.41357887673993
1354,1354,145.4734974335012
1355,1355,113.216767194651
1356,1356,113.216767194651
1357,1357,119.28595551094196
1358,1358,119.28595551094196
1359,1359,107.85716831292876
1360,1360,138.7356516865389
1361,1361,161.14936016214975
1362,1362,133.95950111593496
1363,1363,133.95950111593496
1364,1364,118.20779558066013
1365,1365,165.8004643731522
1366,1366,165.8004643731522
1367,1367,138.00301139093463
1368,1368,138.00301139093463
1369,1369,110.16243687712299
1370,1370,133.15874218085884
1371,1371,133.15874218085884
1372,1372,165.73970497955204
1373,1373,128.0353690095906
1374,1374,128.0353690095906
1375,1375,130.85627134650022
1376,1376,114.00171287413525
1377,1377,129.02606947240756
1378,1378,129.02606947240756
1379,1379,120.36052704860886
1380,1380,114.26500357973636
1381,1381,117.98647082259083
1382,1382,117.98647082259083
1383,1383,167.7200719615514
1384,1384,112.30361250444685
1385,1385,112.30361250444685
1386,1386,130.47030626963638
1387,1387,118.78607417360415
1388,1388,131.8691711873595
1389,1389,131.8691711873595
1390,1390,138.2160645999254
1391,1391,120.54864396993536
1392,1392,120.54864396993536
1393,1393,126.38099837363427
1394,1394,109.75573210734832
1395,1395,109.75573210734832
1396,1396,131.09231459631252
1397,1397,121.5706060226531
1398,1398,121.5706060226531
1399,1399,134.98784929110286
1400,1400,134.98784929110286
1401,1401,134.66702266323372
1402,1402,127.17573610754253
1403,1403,110.10769868469028
1404,1404,110.10769868469028
1405,1405,132.15934442746632
1406,1406,100.50722793414154
1407,1407,100.50722793414154
1408,1408,112.80556172905426
1409,1409,112.38997720806286
1410,1410,112.38997720806286
1411,1411,119.70823025545276
1412,1412,146.06831912460294
1413,1413,133.0953675180646
1414,1414,133.0953675180646
1415,1415,113.13137561445615
1416,1416,113.13137561445615
1417,1417,114.3868872882196
1418,1418,109.09260931613377
1419,1419,109.09260931613377
1420,1420,115.89668827593972
1421,1421,124.92429343257402
1422,1422,124.92429343257402
1423,1423,114.44387582856332
1424,1424,175.04167012070081
1425,1425,175.04167012070081
1426,1426,120.23517658793793
1427,1427,118.76606432325931
1428,1428,118.76606432325931
1429,1429,138.58773692654307
1430,1430,114.97568777815351
1431,1431,114.97568777815351
1432,1432,119.51336229039259
1433,1433,123.16963026403837
1434,1434,123.16963026403837
1435,1435,117.79263680116536
1436,1436,117.1273244822534
1437,1437,117.1273244822534
1438,1438,111.06038651387375
1439,1439,123.69742807951675
1440,1440,123.69742807951675
1441,1441,122.76201319105657
1442,1442,157.37984495038242
1443,1443,157.37984495038242
1444,1444,137.51797018576758
1445,1445,116.82857559199877
1446,1446,113.98407501212911
1447,1447,124.20539850529174
1448,1448,114.63649344571255
1449,1449,180.36313472836207
